<linker>
	<assembly fullname="UnityEngine.UI">
		<type fullname="UnityEngine.UI.MaskableGraphic/CullStateChangedEvent" preserve="nothing" serialized="true"/>
		<type fullname="UnityEngine.UI.FontData" preserve="nothing" serialized="true"/>
		<type fullname="UnityEngine.UI.Navigation" preserve="nothing" serialized="true"/>
		<type fullname="UnityEngine.UI.ColorBlock" preserve="nothing" serialized="true"/>
		<type fullname="UnityEngine.UI.SpriteState" preserve="nothing" serialized="true"/>
		<type fullname="UnityEngine.UI.AnimationTriggers" preserve="nothing" serialized="true"/>
		<type fullname="UnityEngine.UI.Button/ButtonClickedEvent" preserve="nothing" serialized="true"/>
		<type fullname="UnityEngine.EventSystems.EventTrigger/Entry" preserve="nothing" serialized="true"/>
		<type fullname="UnityEngine.EventSystems.EventTrigger/TriggerEvent" preserve="nothing" serialized="true"/>
		<type fullname="UnityEngine.UI.Slider/SliderEvent" preserve="nothing" serialized="true"/>
		<type fullname="UnityEngine.UI.Toggle/ToggleEvent" preserve="nothing" serialized="true"/>
	</assembly>
	<assembly fullname="UnityEngine.CoreModule">
		<type fullname="UnityEngine.Events.PersistentCallGroup" preserve="nothing" serialized="true"/>
		<type fullname="UnityEngine.Events.PersistentListenerMode" preserve="nothing" serialized="true"/>
		<type fullname="UnityEngine.Events.ArgumentCache" preserve="nothing" serialized="true"/>
	</assembly>
</linker>
